,precision,recall,f1-score,support
0,0.632452695465905,0.6552616977991492,0.6436551912071942,5407.0
1,0.6423637759017652,0.6191973367856483,0.6305678500800452,5407.0
accuracy,0.6372295172923987,0.6372295172923987,0.6372295172923987,0.6372295172923987
macro avg,0.6374082356838351,0.6372295172923987,0.6371115206436198,10814.0
weighted avg,0.637408235683835,0.6372295172923987,0.6371115206436196,10814.0
