,precision,recall,f1-score,support
0,0.7197618161518422,0.7153689661549842,0.7175586680270847,5407.0
1,0.7170955882352941,0.7214721657111153,0.719277219507698,5407.0
accuracy,0.7184205659330497,0.7184205659330497,0.7184205659330497,0.7184205659330497
macro avg,0.7184287021935681,0.7184205659330498,0.7184179437673913,10814.0
weighted avg,0.7184287021935681,0.7184205659330497,0.7184179437673913,10814.0
